#{"t_start": 1777773341.2677279, "env_id": "letter-env"}
r,l,t
10.0,200,72.349046
10.0,200,81.585369
10.0,200,91.275039
10.0,200,100.744866
10.0,200,110.178437
10.0,200,119.204946
10.0,200,128.820522
10.0,200,138.260476
10.0,200,147.872565
10.0,200,157.013125
10.0,200,167.249769
10.0,200,176.64353
10.0,200,185.649734
10.0,200,194.402385
10.0,200,202.963704
10.0,200,212.625341
10.0,200,221.391183
10.0,200,231.951233
10.0,200,240.98066
10.0,200,251.181203
