#{"t_start": 1777995540.38621, "env_id": "letter-env"}
r,l,t
50.0,200,449.171718
50.0,200,456.555134
50.0,200,464.026126
50.0,200,471.421458
50.0,200,478.863736
0.0,200,1408.722914
0.0,200,1416.258465
0.0,200,1423.61354
0.0,200,1431.061997
0.0,200,1438.460727
0.0,200,2467.796572
0.0,200,2475.299741
0.0,200,2482.659373
0.0,200,2490.131536
0.0,200,2497.592466
